<?xml version="1.0" encoding="UTF-8"?>
<beans xmlns="http://www.springframework.org/schema/beans"
	xmlns:xsi="http://www.w3.org/2001/XMLSchema-instance"
	xmlns:p="http://www.springframework.org/schema/p"
	xmlns:context="http://www.springframework.org/schema/context"
	xsi:schemaLocation="http://www.springframework.org/schema/beans http://www.springframework.org/schema/beans/spring-beans.xsd
		http://www.springframework.org/schema/context http://www.springframework.org/schema/context/spring-context-4.3.xsd">

	
	<context:component-scan base-package="egovframework">
		<context:exclude-filter type="annotation" 
			expression="org.springframework.stereotype.Controller"/>
	</context:component-scan>
	
	

	<bean class="egovframework.sample.service.impl.LoaninfoDAOIbatis">
	</bean>
	<bean class="egovframework.sample.service.impl.BooksDAOIbatis">
	</bean>
	<bean class="egovframework.sample.service.impl.UsersDAOIbatis">
	</bean>
	
	
	<!-- JdbcTemplate 등록 -->
	<bean id ="jdbcTemplate" class="org.springframework.jdbc.core.JdbcTemplate">
		<property name="dataSource" ref="dataSource"></property>
	</bean>
	
	<bean id="leaveaTrace"
	class="egovframework.rte.fdl.cmmn.trace.LeaveaTrace"></bean>
	
	
</beans>
