<?xml version="1.0" encoding="UTF-8"?>
<beans xmlns="http://www.springframework.org/schema/beans"
	xmlns:xsi="http://www.w3.org/2001/XMLSchema-instance"
	xsi:schemaLocation="http://www.springframework.org/schema/beans http://www.springframework.org/schema/beans/spring-beans.xsd">

<!-- HandlerMapping 등록 -->
<bean id="HandlerMapping"
	class="org.springframework.web.servlet.handler.SimpleUrlHandlerMapping">
	
	<property name="mappings">
		<props>
			<prop key="/selectLoaninfoList.do">selectLoaninfoList</prop>
			<prop key="/insertUser.do">insertUser</prop>
			<prop key="/codeANDname.do">codeANDname</prop>
			
		</props>
	</property>
	
</bean>

<!-- Controller 등록 -->
<bean id="selectLoaninfoList"
	class="egovframework.sample.web.LoaninfoListController"></bean>
<bean id="insertUser"
	class="egovframework.sample.web.InsertUserController"></bean>
<bean id="codeANDname"
	class="egovframework.sample.web.CodeANDNameController"></bean>

</beans>
