<?xml version="1.0" encoding="UTF-8"?>
<!DOCTYPE sqlMap PUBLIC "-//ibatis.apache.org//DTD SQL Map 2.0//EN" "http://ibatis.apache.org/dtd/sql-map-2.dtd" >
<sqlMap namespace="Books">
	<typeAlias alias="books" type="egovframework.sample.service.BooksVO"/>
	
	<resultMap class="books" id="booksResult">
		<result property= "id" column ="ID"/>
		<result property="name" column ="NAME"/>
		<result property="author" column ="AUTHOR"/>
		<result property="publisher" column ="PUBLISHER"/>
		<result property="callNum" column ="CALLNUM"/>
	</resultMap>
	
	<!-- where id -->
	<select id="BooksDAO.selectBook" resultMap="booksResult">
	SELECT * FROM BOOKS
	WHERE 
	CALLNUM = #callNum# 
	<!-- and ID = (SELECT MIN(ID) FROM BOOKS) -->
	</select>
	
	
	<!-- where name in *** -->
	<select id="BooksDAO.selectBooksList_LikeName" resultMap="booksResult">
	SELECT * FROM BOOKS
	WHERE
	
	NAME LIKE '%' || #name# || '%'
	
	ORDER BY ID DESC
	</select>
	
	
</sqlMap>