<?xml version="1.0" encoding="UTF-8"?>
<Configuration>
	<Appenders>
		<Console name="console" target="SYSTEM_OUT">
			<PatternLayout pattern="%d %5p [%c] %m%n" />
		</Console>
	</Appenders>
	<Loggers>
		<Logger name="java.sql" level="INFO" additivity="false">
			<AppenderRef ref="console"/>
		</Logger>
		<Logger name="egovframework" level="INFO" additivity="false">
			<AppenderRef ref="console"/>
		</Logger>
		<Logger name="org.springframework" level="INFO" additivity="false">
			<AppenderRef ref="console"/>
		</Logger>
		<Logger name="org.springframework" level="WARN" additivity="false">
			<AppenderRef ref="console"/>
		</Logger>
		<Root level="INFO">
			<AppenderRef ref="console"/>
		</Root>
	</Loggers>
</Configuration>