<?xml version="1.0" encoding="UTF-8"?>
<!DOCTYPE sqlMap PUBLIC "-//ibatis.apache.org//DTD SQL Map 2.0//EN" "http://ibatis.apache.org/dtd/sql-map-2.dtd" >
<sqlMap namespace="Loaninfo">
	<typeAlias alias="loaninfo" type="egovframework.sample.service.LoaninfoVO"/>
	<typeAlias alias="paging" type="egovframework.sample.service.PagingVO"/>
	
	<resultMap class="loaninfo" id="loaninfoResult">
		<result property= "id" column ="ID"/>
		<result property="u_id" column ="U_ID"/>
		<result property="b_id" column ="B_ID"/>
		<result property="loanDate" column ="LOANDATE"/>
		<result property="returnDate" column ="RETURNDATE"/>
		<!-- null값 처리 해보기 ****** -->
	</resultMap>
	
	<insert id="LoaninfoDAO.insertLoaninfo">
	INSERT INTO LOANINFO (ID, U_ID, B_ID, LOANDATE, RETURNDATE) VALUES (
	 (SELECT NVL(COUNT(ID), 0)+1 FROM LOANINFO),
	 #u_id#,
	 #b_id#,
	 SYSDATE,
	 NULL)
	</insert>
	
	<!-- 
	<isNull property="returnDate">
            null
     </isNull>
	 -->
	
	<!-- where id, u_id -->
	<update id="LoaninfoDAO.updateLoaninfoIU">
	UPDATE LOANINFO
	SET RETURNDATE = SYSDATE
	WHERE
	ID = #id# AND
	U_ID = #u_id#
	</update>
	
	<!-- where id, b_id -->
	<update id="LoaninfoDAO.updateLoaninfoIB">
	UPDATE LOANINFO
	SET RETURNDATE = SYSDATE
	WHERE
	ID = #id# AND
	B_ID = #b_id#
	</update>
	
	<!-- where b_id, loandate, returndate -->
	<select id="LoaninfoDAO.selectLoaninfoBLR" resultMap="loaninfoResult">
	SELECT * FROM LOANINFO
	WHERE B_ID = #b_id# and LOANDATE is not null and RETURNDATE is null
	</select>
	
	<!-- where u_id, b_id, loandate, returndate -->
	<select id="LoaninfoDAO.selectLoaninfoUBLR" resultMap="loaninfoResult">
	SELECT * FROM LOANINFO
	WHERE 
	U_ID = #u_id# and B_ID = #b_id# and LOANDATE is not null and RETURNDATE is null
	</select>
	
	<!-- where u_id -->
	<select id="LoaninfoDAO.selectLoaninfoList" resultMap="loaninfoResult">

	SELECT * FROM LOANINFO
	WHERE U_ID = #u_id#
	ORDER BY LOANDATE DESC
				

	</select>
	
	
	<!-- where u_id -->
	<select id="LoaninfoDAO.selectLoaninfoListTotCnt" resultClass="int">

	SELECT COUNT(*)
	FROM LOANINFO
	WHERE U_ID #u_id#

	</select>
	
	
	
	
	
	
	
	
	
	

</sqlMap>