<?xml version="1.0" encoding="UTF-8"?>
<beans xmlns="http://www.springframework.org/schema/beans"
	xmlns:xsi="http://www.w3.org/2001/XMLSchema-instance"
	xsi:schemaLocation="http://www.springframework.org/schema/beans http://www.springframework.org/schema/beans/spring-beans.xsd">
	
	<bean id="messageSource"
		class="org.springframework.context.support.ReloadableResourceBundleMessageSource">
		<property name="basenames">
			<list>
				<value>
					classpath:/egovframework/rte/fdl/idgnr/messages/idgnr
				</value>
			</list>
		
		</property>
	</bean>
	
	<bean name="mixPrefixLoaninfo_L"
	class="egovframework.rte.fdl.idgnr.impl.strategy.EgovIdGnrStrategyImpl">
	<property name="prefix" value="L-"/>
	<property name="cipers" value="5"/>
	<property name="fillChar" value="0"/>
	</bean>
	
	<bean name="mixPrefixLoaninfo_U"
	class="egovframework.rte.fdl.idgnr.impl.strategy.EgovIdGnrStrategyImpl">
	<property name="prefix" value="U-"/>
	<property name="cipers" value="5"/>
	<property name="fillChar" value="0"/>
	</bean>
	
	<bean name="mixPrefixLoaninfo_B"
	class="egovframework.rte.fdl.idgnr.impl.strategy.EgovIdGnrStrategyImpl">
	<property name="prefix" value="B-"/>
	<property name="cipers" value="5"/>
	<property name="fillChar" value="0"/>
	</bean>
	
	<bean name="egovIdGnrService_L"
		class="egovframework.rte.fdl.idgnr.impl.EgovTableIdGnrServiceImpl"
		destroy-method="destroy">
			<property name="dataSource" ref="dataSource"/>
			<property name="strategy" ref="mixPrefixLoaninfo_L"/>
			<property name="blockSize" value="1"/>
			<property name="table" value="IDS"/>
			<property name="tableName" value="LOANINFO"/>
	</bean>
	
	<bean name="egovIdGnrService_U"
		class="egovframework.rte.fdl.idgnr.impl.EgovTableIdGnrServiceImpl"
		destroy-method="destroy">
			<property name="dataSource" ref="dataSource"/>
			<property name="strategy" ref="mixPrefixLoaninfo_U"/>
			<property name="blockSize" value="1"/>
			<property name="table" value="IDS"/>
			<property name="tableName" value="USERS"/>
	</bean>
	
	<bean name="egovIdGnrService_B"
		class="egovframework.rte.fdl.idgnr.impl.EgovTableIdGnrServiceImpl"
		destroy-method="destroy">
			<property name="dataSource" ref="dataSource"/>
			<property name="strategy" ref="mixPrefixLoaninfo_B"/>
			<property name="blockSize" value="1"/>
			<property name="table" value="IDS"/>
			<property name="tableName" value="BOOKS"/>
	</bean>
	
</beans>
